<?xml version="1.0" encoding="UTF-8"?>
<metadata xml:lang="es"><Esri><CreaDate>20250507</CreaDate><CreaTime>10142600</CreaTime><ArcGISFormat>1.0</ArcGISFormat><SyncOnce>FALSE</SyncOnce><DataProperties><lineage><Process ToolSource="c:\program files\arcgis\pro\Resources\ArcToolbox\toolboxes\Data Management Tools.tbx\CalculateGeometryAttributes" Date="20250507" Time="101426">CalculateGeometryAttributes 20230405_R_TERRENO_Asohermosas_R1_R2_IGAC "SHAPE_Area AREA" # Hectáreas PROJCS["MAGNA CTM12",GEOGCS["GCS_MAGNA",DATUM["D_MAGNA",SPHEROID["GRS_1980",6378137.0,298.257222101]],PRIMEM["Greenwich",0.0],UNIT["Degree",0.0174532925199433]],PROJECTION["Transverse_Mercator"],PARAMETER["False_Easting",5000000.0],PARAMETER["False_Northing",2000000.0],PARAMETER["Central_Meridian",-73.0],PARAMETER["Scale_Factor",0.9992],PARAMETER["Latitude_Of_Origin",4.0],UNIT["Meter",1.0]] "Igual que la entrada"</Process><Process ToolSource="c:\program files\arcgis\pro\Resources\ArcToolbox\toolboxes\Data Management Tools.tbx\CalculateGeometryAttributes" Date="20250507" Time="101526">CalculateGeometryAttributes 20230405_R_TERRENO_Asohermosas_R1_R2_IGAC "SHAPE_Area AREA" # Hectáreas PROJCS["MAGNA CTM12",GEOGCS["GCS_MAGNA",DATUM["D_MAGNA",SPHEROID["GRS_1980",6378137.0,298.257222101]],PRIMEM["Greenwich",0.0],UNIT["Degree",0.0174532925199433]],PROJECTION["Transverse_Mercator"],PARAMETER["False_Easting",5000000.0],PARAMETER["False_Northing",2000000.0],PARAMETER["Central_Meridian",-73.0],PARAMETER["Scale_Factor",0.9992],PARAMETER["Latitude_Of_Origin",4.0],UNIT["Meter",1.0]] "Igual que la entrada"</Process><Process ToolSource="c:\program files\arcgis\pro\Resources\ArcToolbox\toolboxes\Conversion Tools.tbx\ExportFeatures" Date="20250728" Time="055846">ExportFeatures 20230405_R_TERRENO_Asohermosas_R1_R2_IGAC "C:\Users\Jhon Franco\Documents\pHermosas\EVIDENCIA 2025\JULIO\PREDIOS_KFW_SSC\Predios_KFW_SSC_Ganaderia_POL.shp" # NOT_USE_ALIAS "OBJECTID "OBJECTID" true true false 10 Long 0 10,First,#,20230405_R_TERRENO_Asohermosas_R1_R2_IGAC,OBJECTID,-1,-1;CODIGO "CODIGO" true true false 30 Text 0 0,First,#,20230405_R_TERRENO_Asohermosas_R1_R2_IGAC,CODIGO,0,29;VEREDA_COD "VEREDA_COD" true true false 17 Text 0 0,First,#,20230405_R_TERRENO_Asohermosas_R1_R2_IGAC,VEREDA_COD,0,16;NUMERO_SUB "NUMERO_SUB" true true false 10 Long 0 10,First,#,20230405_R_TERRENO_Asohermosas_R1_R2_IGAC,NUMERO_SUB,-1,-1;CODIGO_ANT "CODIGO_ANT" true true false 20 Text 0 0,First,#,20230405_R_TERRENO_Asohermosas_R1_R2_IGAC,CODIGO_ANT,0,19;USUARIO_LO "USUARIO_LO" true true false 100 Text 0 0,First,#,20230405_R_TERRENO_Asohermosas_R1_R2_IGAC,USUARIO_LO,0,99;FECHA_LOG "FECHA_LOG" true true false 8 Date 0 0,First,#,20230405_R_TERRENO_Asohermosas_R1_R2_IGAC,FECHA_LOG,-1,-1;GLOBALID "GLOBALID" true true false 38 Text 0 0,First,#,20230405_R_TERRENO_Asohermosas_R1_R2_IGAC,GLOBALID,0,37;GLOBALID_S "GLOBALID_S" true true false 38 Text 0 0,First,#,20230405_R_TERRENO_Asohermosas_R1_R2_IGAC,GLOBALID_S,0,37;SHAPE_Leng "SHAPE_Leng" true true false 19 Double 0 0,First,#,20230405_R_TERRENO_Asohermosas_R1_R2_IGAC,SHAPE_Leng,-1,-1;SHAPE_Area "SHAPE_Area" true true false 19 Double 0 0,First,#,20230405_R_TERRENO_Asohermosas_R1_R2_IGAC,SHAPE_Area,-1,-1;codigo_mun "codigo_mun" true true false 5 Text 0 0,First,#,20230405_R_TERRENO_Asohermosas_R1_R2_IGAC,codigo_mun,0,4;CODIGO_DEP "CODIGO_DEP" true true false 2 Text 0 0,First,#,20230405_R_TERRENO_Asohermosas_R1_R2_IGAC,CODIGO_DEP,0,1;Id "Id" true true false 16 Double 6 15,First,#,20230405_R_TERRENO_Asohermosas_R1_R2_IGAC,Id,-1,-1;DEPARTAMEN "DEPARTAMEN" true true false 16 Double 6 15,First,#,20230405_R_TERRENO_Asohermosas_R1_R2_IGAC,DEPARTAMEN,-1,-1;MUNICIPIO "MUNICIPIO" true true false 16 Double 6 15,First,#,20230405_R_TERRENO_Asohermosas_R1_R2_IGAC,MUNICIPIO,-1,-1;NUMERO_PRE "NUMERO_PRE" true true false 254 Text 0 0,First,#,20230405_R_TERRENO_Asohermosas_R1_R2_IGAC,NUMERO_PRE,0,253;DIRECCION "DIRECCION" true true false 254 Text 0 0,First,#,20230405_R_TERRENO_Asohermosas_R1_R2_IGAC,DIRECCION,0,253;DESTINO_EC "DESTINO_EC" true true false 254 Text 0 0,First,#,20230405_R_TERRENO_Asohermosas_R1_R2_IGAC,DESTINO_EC,0,253;AREA_TERRE "AREA_TERRE" true true false 16 Double 6 15,First,#,20230405_R_TERRENO_Asohermosas_R1_R2_IGAC,AREA_TERRE,-1,-1;AREA_CONST "AREA_CONST" true true false 16 Double 6 15,First,#,20230405_R_TERRENO_Asohermosas_R1_R2_IGAC,AREA_CONST,-1,-1;NUMERO_P_1 "NUMERO_P_1" true true false 254 Text 0 0,First,#,20230405_R_TERRENO_Asohermosas_R1_R2_IGAC,NUMERO_P_1,0,253;Id_1 "Id_1" true true false 16 Double 6 15,First,#,20230405_R_TERRENO_Asohermosas_R1_R2_IGAC,Id_1,-1,-1;DEPARTAM_1 "DEPARTAM_1" true true false 16 Double 6 15,First,#,20230405_R_TERRENO_Asohermosas_R1_R2_IGAC,DEPARTAM_1,-1,-1;MUNICIPI_1 "MUNICIPI_1" true true false 16 Double 6 15,First,#,20230405_R_TERRENO_Asohermosas_R1_R2_IGAC,MUNICIPI_1,-1,-1;NUMERO_P_2 "NUMERO_P_2" true true false 254 Text 0 0,First,#,20230405_R_TERRENO_Asohermosas_R1_R2_IGAC,NUMERO_P_2,0,253;ZONA_FISIC "ZONA_FISIC" true true false 16 Double 6 15,First,#,20230405_R_TERRENO_Asohermosas_R1_R2_IGAC,ZONA_FISIC,-1,-1;ZONA_ECONO "ZONA_ECONO" true true false 16 Double 6 15,First,#,20230405_R_TERRENO_Asohermosas_R1_R2_IGAC,ZONA_ECONO,-1,-1;AREA_TER_1 "AREA_TER_1" true true false 16 Double 6 15,First,#,20230405_R_TERRENO_Asohermosas_R1_R2_IGAC,AREA_TER_1,-1,-1;ZONA_FIS_1 "ZONA_FIS_1" true true false 16 Double 6 15,First,#,20230405_R_TERRENO_Asohermosas_R1_R2_IGAC,ZONA_FIS_1,-1,-1;ZONA_ECO_1 "ZONA_ECO_1" true true false 16 Double 6 15,First,#,20230405_R_TERRENO_Asohermosas_R1_R2_IGAC,ZONA_ECO_1,-1,-1;AREA_TER_2 "AREA_TER_2" true true false 16 Double 6 15,First,#,20230405_R_TERRENO_Asohermosas_R1_R2_IGAC,AREA_TER_2,-1,-1;HABITACION "HABITACION" true true false 16 Double 6 15,First,#,20230405_R_TERRENO_Asohermosas_R1_R2_IGAC,HABITACION,-1,-1;BANOS_1 "BANOS_1" true true false 16 Double 6 15,First,#,20230405_R_TERRENO_Asohermosas_R1_R2_IGAC,BANOS_1,-1,-1;LOCALES_1 "LOCALES_1" true true false 16 Double 6 15,First,#,20230405_R_TERRENO_Asohermosas_R1_R2_IGAC,LOCALES_1,-1,-1;PISOS_1 "PISOS_1" true true false 16 Double 6 15,First,#,20230405_R_TERRENO_Asohermosas_R1_R2_IGAC,PISOS_1,-1,-1;TIPIFICACI "TIPIFICACI" true true false 16 Double 6 15,First,#,20230405_R_TERRENO_Asohermosas_R1_R2_IGAC,TIPIFICACI,-1,-1;USO_1 "USO_1" true true false 16 Double 6 15,First,#,20230405_R_TERRENO_Asohermosas_R1_R2_IGAC,USO_1,-1,-1;PUNTAJE_1 "PUNTAJE_1" true true false 16 Double 6 15,First,#,20230405_R_TERRENO_Asohermosas_R1_R2_IGAC,PUNTAJE_1,-1,-1;AREA_CON_1 "AREA_CON_1" true true false 16 Double 6 15,First,#,20230405_R_TERRENO_Asohermosas_R1_R2_IGAC,AREA_CON_1,-1,-1;HABITACI_1 "HABITACI_1" true true false 16 Double 6 15,First,#,20230405_R_TERRENO_Asohermosas_R1_R2_IGAC,HABITACI_1,-1,-1;BANOS_2 "BANOS_2" true true false 16 Double 6 15,First,#,20230405_R_TERRENO_Asohermosas_R1_R2_IGAC,BANOS_2,-1,-1;LOCALES_2 "LOCALES_2" true true false 16 Double 6 15,First,#,20230405_R_TERRENO_Asohermosas_R1_R2_IGAC,LOCALES_2,-1,-1;PISOS_2 "PISOS_2" true true false 16 Double 6 15,First,#,20230405_R_TERRENO_Asohermosas_R1_R2_IGAC,PISOS_2,-1,-1;TIPIFICA_1 "TIPIFICA_1" true true false 16 Double 6 15,First,#,20230405_R_TERRENO_Asohermosas_R1_R2_IGAC,TIPIFICA_1,-1,-1;USO_2 "USO_2" true true false 16 Double 6 15,First,#,20230405_R_TERRENO_Asohermosas_R1_R2_IGAC,USO_2,-1,-1;PUNTAJE_2 "PUNTAJE_2" true true false 16 Double 6 15,First,#,20230405_R_TERRENO_Asohermosas_R1_R2_IGAC,PUNTAJE_2,-1,-1;AREA_CON_2 "AREA_CON_2" true true false 16 Double 6 15,First,#,20230405_R_TERRENO_Asohermosas_R1_R2_IGAC,AREA_CON_2,-1,-1;HABITACI_2 "HABITACI_2" true true false 16 Double 6 15,First,#,20230405_R_TERRENO_Asohermosas_R1_R2_IGAC,HABITACI_2,-1,-1;BANOS_3 "BANOS_3" true true false 16 Double 6 15,First,#,20230405_R_TERRENO_Asohermosas_R1_R2_IGAC,BANOS_3,-1,-1;LOCALES_3 "LOCALES_3" true true false 16 Double 6 15,First,#,20230405_R_TERRENO_Asohermosas_R1_R2_IGAC,LOCALES_3,-1,-1;PISOS_3 "PISOS_3" true true false 16 Double 6 15,First,#,20230405_R_TERRENO_Asohermosas_R1_R2_IGAC,PISOS_3,-1,-1;TIPIFICA_2 "TIPIFICA_2" true true false 16 Double 6 15,First,#,20230405_R_TERRENO_Asohermosas_R1_R2_IGAC,TIPIFICA_2,-1,-1;USO_3 "USO_3" true true false 16 Double 6 15,First,#,20230405_R_TERRENO_Asohermosas_R1_R2_IGAC,USO_3,-1,-1;PUNTAJE_3 "PUNTAJE_3" true true false 16 Double 6 15,First,#,20230405_R_TERRENO_Asohermosas_R1_R2_IGAC,PUNTAJE_3,-1,-1;AREA_CON_3 "AREA_CON_3" true true false 16 Double 6 15,First,#,20230405_R_TERRENO_Asohermosas_R1_R2_IGAC,AREA_CON_3,-1,-1;NUMERO_P_3 "NUMERO_P_3" true true false 254 Text 0 0,First,#,20230405_R_TERRENO_Asohermosas_R1_R2_IGAC,NUMERO_P_3,0,253" #</Process></lineage><itemProps><itemName Sync="TRUE">Predios_KFW_SSC_Ganaderia_POL</itemName><imsContentType Sync="TRUE">002</imsContentType><itemSize Sync="TRUE">0.000</itemSize><itemLocation><linkage Sync="TRUE">file://\\JHONFRANCO\C$\Users\Jhon Franco\Documents\pHermosas\EVIDENCIA 2025\JULIO\PREDIOS_KFW_SSC\Predios_KFW_SSC_Ganaderia_POL.shp</linkage><protocol Sync="TRUE">Local Area Network</protocol></itemLocation></itemProps><coordRef><type Sync="TRUE">Projected</type><geogcsn Sync="TRUE">GCS_MAGNA</geogcsn><csUnits Sync="TRUE">Linear Unit: Meter (1.000000)</csUnits><projcsn Sync="TRUE">MAGNA CTM12</projcsn><peXml Sync="TRUE">&lt;ProjectedCoordinateSystem xsi:type='typens:ProjectedCoordinateSystem' xmlns:xsi='http://www.w3.org/2001/XMLSchema-instance' xmlns:xs='http://www.w3.org/2001/XMLSchema' xmlns:typens='http://www.esri.com/schemas/ArcGIS/3.3.0'&gt;&lt;WKT&gt;PROJCS[&amp;quot;MAGNA CTM12&amp;quot;,GEOGCS[&amp;quot;GCS_MAGNA&amp;quot;,DATUM[&amp;quot;D_MAGNA&amp;quot;,SPHEROID[&amp;quot;GRS_1980&amp;quot;,6378137.0,298.257222101]],PRIMEM[&amp;quot;Greenwich&amp;quot;,0.0],UNIT[&amp;quot;Degree&amp;quot;,0.0174532925199433]],PROJECTION[&amp;quot;Transverse_Mercator&amp;quot;],PARAMETER[&amp;quot;False_Easting&amp;quot;,5000000.0],PARAMETER[&amp;quot;False_Northing&amp;quot;,2000000.0],PARAMETER[&amp;quot;Central_Meridian&amp;quot;,-73.0],PARAMETER[&amp;quot;Scale_Factor&amp;quot;,0.9992],PARAMETER[&amp;quot;Latitude_Of_Origin&amp;quot;,4.0],UNIT[&amp;quot;Meter&amp;quot;,1.0]]&lt;/WKT&gt;&lt;XOrigin&gt;-618700&lt;/XOrigin&gt;&lt;YOrigin&gt;-8436100&lt;/YOrigin&gt;&lt;XYScale&gt;450623577.52990448&lt;/XYScale&gt;&lt;ZOrigin&gt;-100000&lt;/ZOrigin&gt;&lt;ZScale&gt;10000&lt;/ZScale&gt;&lt;MOrigin&gt;-100000&lt;/MOrigin&gt;&lt;MScale&gt;10000&lt;/MScale&gt;&lt;XYTolerance&gt;0.001&lt;/XYTolerance&gt;&lt;ZTolerance&gt;0.001&lt;/ZTolerance&gt;&lt;MTolerance&gt;0.001&lt;/MTolerance&gt;&lt;HighPrecision&gt;true&lt;/HighPrecision&gt;&lt;/ProjectedCoordinateSystem&gt;</peXml></coordRef></DataProperties><SyncDate>20250728</SyncDate><SyncTime>05584600</SyncTime><ModDate>20250728</ModDate><ModTime>05584600</ModTime></Esri><dataIdInfo><envirDesc Sync="TRUE">Microsoft Windows 10 Version 10.0 (Build 26100) ; Esri ArcGIS 13.3.0.52636</envirDesc><dataLang><languageCode value="spa" Sync="TRUE"></languageCode><countryCode value="COL" Sync="TRUE"></countryCode></dataLang><idCitation><resTitle Sync="TRUE">Predios_KFW_SSC_Ganaderia_POL</resTitle><presForm><PresFormCd value="005" Sync="TRUE"></PresFormCd></presForm></idCitation><spatRpType><SpatRepTypCd value="001" Sync="TRUE"></SpatRepTypCd></spatRpType></dataIdInfo><mdLang><languageCode value="spa" Sync="TRUE"></languageCode><countryCode value="COL" Sync="TRUE"></countryCode></mdLang><mdChar><CharSetCd value="004" Sync="TRUE"></CharSetCd></mdChar><distInfo><distFormat><formatName Sync="TRUE">Shapefile</formatName></distFormat><distTranOps><transSize Sync="TRUE">0.000</transSize></distTranOps></distInfo><mdHrLv><ScopeCd value="005" Sync="TRUE"></ScopeCd></mdHrLv><mdHrLvName Sync="TRUE">dataset</mdHrLvName><refSysInfo><RefSystem><refSysID><identCode code="0" Sync="TRUE"></identCode></refSysID></RefSystem></refSysInfo><spatRepInfo><VectSpatRep><geometObjs Name="Predios_KFW_SSC_Ganaderia_POL"><geoObjTyp><GeoObjTypCd value="002" Sync="TRUE"></GeoObjTypCd></geoObjTyp><geoObjCnt Sync="TRUE">0</geoObjCnt></geometObjs><topLvl><TopoLevCd value="001" Sync="TRUE"></TopoLevCd></topLvl></VectSpatRep></spatRepInfo><spdoinfo><ptvctinf><esriterm Name="Predios_KFW_SSC_Ganaderia_POL"><efeatyp Sync="TRUE">Simple</efeatyp><efeageom code="4" Sync="TRUE"></efeageom><esritopo Sync="TRUE">FALSE</esritopo><efeacnt Sync="TRUE">0</efeacnt><spindex Sync="TRUE">FALSE</spindex><linrefer Sync="TRUE">FALSE</linrefer></esriterm></ptvctinf></spdoinfo><eainfo><detailed Name="Predios_KFW_SSC_Ganaderia_POL"><enttyp><enttypl Sync="TRUE">Predios_KFW_SSC_Ganaderia_POL</enttypl><enttypt Sync="TRUE">Feature Class</enttypt><enttypc Sync="TRUE">0</enttypc></enttyp><attr><attrlabl Sync="TRUE">FID</attrlabl><attalias Sync="TRUE">FID</attalias><attrtype Sync="TRUE">OID</attrtype><attwidth Sync="TRUE">4</attwidth><atprecis Sync="TRUE">0</atprecis><attscale Sync="TRUE">0</attscale><attrdef Sync="TRUE">Internal feature number.</attrdef><attrdefs Sync="TRUE">Esri</attrdefs><attrdomv><udom Sync="TRUE">Sequential unique whole numbers that are automatically generated.</udom></attrdomv></attr><attr><attrlabl Sync="TRUE">Shape</attrlabl><attalias Sync="TRUE">Shape</attalias><attrtype Sync="TRUE">Geometry</attrtype><attwidth Sync="TRUE">0</attwidth><atprecis Sync="TRUE">0</atprecis><attscale Sync="TRUE">0</attscale><attrdef Sync="TRUE">Feature geometry.</attrdef><attrdefs Sync="TRUE">Esri</attrdefs><attrdomv><udom Sync="TRUE">Coordinates defining the features.</udom></attrdomv></attr><attr><attrlabl Sync="TRUE">OBJECTID_1</attrlabl><attalias Sync="TRUE">OBJECTID_1</attalias><attrtype Sync="TRUE">Integer</attrtype><attwidth Sync="TRUE">10</attwidth><atprecis Sync="TRUE">10</atprecis><attscale Sync="TRUE">0</attscale></attr><attr><attrlabl Sync="TRUE">CODIGO</attrlabl><attalias Sync="TRUE">CODIGO</attalias><attrtype Sync="TRUE">String</attrtype><attwidth Sync="TRUE">30</attwidth><atprecis Sync="TRUE">0</atprecis><attscale Sync="TRUE">0</attscale></attr><attr><attrlabl Sync="TRUE">VEREDA_COD</attrlabl><attalias Sync="TRUE">VEREDA_COD</attalias><attrtype Sync="TRUE">String</attrtype><attwidth Sync="TRUE">17</attwidth><atprecis Sync="TRUE">0</atprecis><attscale Sync="TRUE">0</attscale></attr><attr><attrlabl Sync="TRUE">NUMERO_SUB</attrlabl><attalias Sync="TRUE">NUMERO_SUB</attalias><attrtype Sync="TRUE">Integer</attrtype><attwidth Sync="TRUE">10</attwidth><atprecis Sync="TRUE">10</atprecis><attscale Sync="TRUE">0</attscale></attr><attr><attrlabl Sync="TRUE">CODIGO_ANT</attrlabl><attalias Sync="TRUE">CODIGO_ANT</attalias><attrtype Sync="TRUE">String</attrtype><attwidth Sync="TRUE">20</attwidth><atprecis Sync="TRUE">0</atprecis><attscale Sync="TRUE">0</attscale></attr><attr><attrlabl Sync="TRUE">USUARIO_LO</attrlabl><attalias Sync="TRUE">USUARIO_LO</attalias><attrtype Sync="TRUE">String</attrtype><attwidth Sync="TRUE">100</attwidth><atprecis Sync="TRUE">0</atprecis><attscale Sync="TRUE">0</attscale></attr><attr><attrlabl Sync="TRUE">FECHA_LOG</attrlabl><attalias Sync="TRUE">FECHA_LOG</attalias><attrtype Sync="TRUE">Date</attrtype><attwidth Sync="TRUE">8</attwidth><atprecis Sync="TRUE">0</atprecis><attscale Sync="TRUE">0</attscale></attr><attr><attrlabl Sync="TRUE">GLOBALID</attrlabl><attalias Sync="TRUE">GLOBALID</attalias><attrtype Sync="TRUE">String</attrtype><attwidth Sync="TRUE">38</attwidth><atprecis Sync="TRUE">0</atprecis><attscale Sync="TRUE">0</attscale></attr><attr><attrlabl Sync="TRUE">GLOBALID_S</attrlabl><attalias Sync="TRUE">GLOBALID_S</attalias><attrtype Sync="TRUE">String</attrtype><attwidth Sync="TRUE">38</attwidth><atprecis Sync="TRUE">0</atprecis><attscale Sync="TRUE">0</attscale></attr><attr><attrlabl Sync="TRUE">SHAPE_Leng</attrlabl><attalias Sync="TRUE">SHAPE_Leng</attalias><attrtype Sync="TRUE">Double</attrtype><attwidth Sync="TRUE">19</attwidth><atprecis Sync="TRUE">0</atprecis><attscale Sync="TRUE">0</attscale></attr><attr><attrlabl Sync="TRUE">SHAPE_Area</attrlabl><attalias Sync="TRUE">SHAPE_Area</attalias><attrtype Sync="TRUE">Double</attrtype><attwidth Sync="TRUE">19</attwidth><atprecis Sync="TRUE">0</atprecis><attscale Sync="TRUE">0</attscale><attrdef Sync="TRUE">Area of feature in internal units squared.</attrdef><attrdefs Sync="TRUE">Esri</attrdefs><attrdomv><udom Sync="TRUE">Positive real numbers that are automatically generated.</udom></attrdomv></attr><attr><attrlabl Sync="TRUE">codigo_mun</attrlabl><attalias Sync="TRUE">codigo_mun</attalias><attrtype Sync="TRUE">String</attrtype><attwidth Sync="TRUE">5</attwidth><atprecis Sync="TRUE">0</atprecis><attscale Sync="TRUE">0</attscale></attr><attr><attrlabl Sync="TRUE">CODIGO_DEP</attrlabl><attalias Sync="TRUE">CODIGO_DEP</attalias><attrtype Sync="TRUE">String</attrtype><attwidth Sync="TRUE">2</attwidth><atprecis Sync="TRUE">0</atprecis><attscale Sync="TRUE">0</attscale></attr><attr><attrlabl Sync="TRUE">Id</attrlabl><attalias Sync="TRUE">Id</attalias><attrtype Sync="TRUE">Double</attrtype><attwidth Sync="TRUE">16</attwidth><atprecis Sync="TRUE">15</atprecis><attscale Sync="TRUE">6</attscale></attr><attr><attrlabl Sync="TRUE">DEPARTAMEN</attrlabl><attalias Sync="TRUE">DEPARTAMEN</attalias><attrtype Sync="TRUE">Double</attrtype><attwidth Sync="TRUE">16</attwidth><atprecis Sync="TRUE">15</atprecis><attscale Sync="TRUE">6</attscale></attr><attr><attrlabl Sync="TRUE">MUNICIPIO</attrlabl><attalias Sync="TRUE">MUNICIPIO</attalias><attrtype Sync="TRUE">Double</attrtype><attwidth Sync="TRUE">16</attwidth><atprecis Sync="TRUE">15</atprecis><attscale Sync="TRUE">6</attscale></attr><attr><attrlabl Sync="TRUE">NUMERO_PRE</attrlabl><attalias Sync="TRUE">NUMERO_PRE</attalias><attrtype Sync="TRUE">String</attrtype><attwidth Sync="TRUE">254</attwidth><atprecis Sync="TRUE">0</atprecis><attscale Sync="TRUE">0</attscale></attr><attr><attrlabl Sync="TRUE">DIRECCION</attrlabl><attalias Sync="TRUE">DIRECCION</attalias><attrtype Sync="TRUE">String</attrtype><attwidth Sync="TRUE">254</attwidth><atprecis Sync="TRUE">0</atprecis><attscale Sync="TRUE">0</attscale></attr><attr><attrlabl Sync="TRUE">DESTINO_EC</attrlabl><attalias Sync="TRUE">DESTINO_EC</attalias><attrtype Sync="TRUE">String</attrtype><attwidth Sync="TRUE">254</attwidth><atprecis Sync="TRUE">0</atprecis><attscale Sync="TRUE">0</attscale></attr><attr><attrlabl Sync="TRUE">AREA_TERRE</attrlabl><attalias Sync="TRUE">AREA_TERRE</attalias><attrtype Sync="TRUE">Double</attrtype><attwidth Sync="TRUE">16</attwidth><atprecis Sync="TRUE">15</atprecis><attscale Sync="TRUE">6</attscale></attr><attr><attrlabl Sync="TRUE">AREA_CONST</attrlabl><attalias Sync="TRUE">AREA_CONST</attalias><attrtype Sync="TRUE">Double</attrtype><attwidth Sync="TRUE">16</attwidth><atprecis Sync="TRUE">15</atprecis><attscale Sync="TRUE">6</attscale></attr><attr><attrlabl Sync="TRUE">NUMERO_P_1</attrlabl><attalias Sync="TRUE">NUMERO_P_1</attalias><attrtype Sync="TRUE">String</attrtype><attwidth Sync="TRUE">254</attwidth><atprecis Sync="TRUE">0</atprecis><attscale Sync="TRUE">0</attscale></attr><attr><attrlabl Sync="TRUE">Id_1</attrlabl><attalias Sync="TRUE">Id_1</attalias><attrtype Sync="TRUE">Double</attrtype><attwidth Sync="TRUE">16</attwidth><atprecis Sync="TRUE">15</atprecis><attscale Sync="TRUE">6</attscale></attr><attr><attrlabl Sync="TRUE">DEPARTAM_1</attrlabl><attalias Sync="TRUE">DEPARTAM_1</attalias><attrtype Sync="TRUE">Double</attrtype><attwidth Sync="TRUE">16</attwidth><atprecis Sync="TRUE">15</atprecis><attscale Sync="TRUE">6</attscale></attr><attr><attrlabl Sync="TRUE">MUNICIPI_1</attrlabl><attalias Sync="TRUE">MUNICIPI_1</attalias><attrtype Sync="TRUE">Double</attrtype><attwidth Sync="TRUE">16</attwidth><atprecis Sync="TRUE">15</atprecis><attscale Sync="TRUE">6</attscale></attr><attr><attrlabl Sync="TRUE">NUMERO_P_2</attrlabl><attalias Sync="TRUE">NUMERO_P_2</attalias><attrtype Sync="TRUE">String</attrtype><attwidth Sync="TRUE">254</attwidth><atprecis Sync="TRUE">0</atprecis><attscale Sync="TRUE">0</attscale></attr><attr><attrlabl Sync="TRUE">ZONA_FISIC</attrlabl><attalias Sync="TRUE">ZONA_FISIC</attalias><attrtype Sync="TRUE">Double</attrtype><attwidth Sync="TRUE">16</attwidth><atprecis Sync="TRUE">15</atprecis><attscale Sync="TRUE">6</attscale></attr><attr><attrlabl Sync="TRUE">ZONA_ECONO</attrlabl><attalias Sync="TRUE">ZONA_ECONO</attalias><attrtype Sync="TRUE">Double</attrtype><attwidth Sync="TRUE">16</attwidth><atprecis Sync="TRUE">15</atprecis><attscale Sync="TRUE">6</attscale></attr><attr><attrlabl Sync="TRUE">AREA_TER_1</attrlabl><attalias Sync="TRUE">AREA_TER_1</attalias><attrtype Sync="TRUE">Double</attrtype><attwidth Sync="TRUE">16</attwidth><atprecis Sync="TRUE">15</atprecis><attscale Sync="TRUE">6</attscale></attr><attr><attrlabl Sync="TRUE">ZONA_FIS_1</attrlabl><attalias Sync="TRUE">ZONA_FIS_1</attalias><attrtype Sync="TRUE">Double</attrtype><attwidth Sync="TRUE">16</attwidth><atprecis Sync="TRUE">15</atprecis><attscale Sync="TRUE">6</attscale></attr><attr><attrlabl Sync="TRUE">ZONA_ECO_1</attrlabl><attalias Sync="TRUE">ZONA_ECO_1</attalias><attrtype Sync="TRUE">Double</attrtype><attwidth Sync="TRUE">16</attwidth><atprecis Sync="TRUE">15</atprecis><attscale Sync="TRUE">6</attscale></attr><attr><attrlabl Sync="TRUE">AREA_TER_2</attrlabl><attalias Sync="TRUE">AREA_TER_2</attalias><attrtype Sync="TRUE">Double</attrtype><attwidth Sync="TRUE">16</attwidth><atprecis Sync="TRUE">15</atprecis><attscale Sync="TRUE">6</attscale></attr><attr><attrlabl Sync="TRUE">HABITACION</attrlabl><attalias Sync="TRUE">HABITACION</attalias><attrtype Sync="TRUE">Double</attrtype><attwidth Sync="TRUE">16</attwidth><atprecis Sync="TRUE">15</atprecis><attscale Sync="TRUE">6</attscale></attr><attr><attrlabl Sync="TRUE">BANOS_1</attrlabl><attalias Sync="TRUE">BANOS_1</attalias><attrtype Sync="TRUE">Double</attrtype><attwidth Sync="TRUE">16</attwidth><atprecis Sync="TRUE">15</atprecis><attscale Sync="TRUE">6</attscale></attr><attr><attrlabl Sync="TRUE">LOCALES_1</attrlabl><attalias Sync="TRUE">LOCALES_1</attalias><attrtype Sync="TRUE">Double</attrtype><attwidth Sync="TRUE">16</attwidth><atprecis Sync="TRUE">15</atprecis><attscale Sync="TRUE">6</attscale></attr><attr><attrlabl Sync="TRUE">PISOS_1</attrlabl><attalias Sync="TRUE">PISOS_1</attalias><attrtype Sync="TRUE">Double</attrtype><attwidth Sync="TRUE">16</attwidth><atprecis Sync="TRUE">15</atprecis><attscale Sync="TRUE">6</attscale></attr><attr><attrlabl Sync="TRUE">TIPIFICACI</attrlabl><attalias Sync="TRUE">TIPIFICACI</attalias><attrtype Sync="TRUE">Double</attrtype><attwidth Sync="TRUE">16</attwidth><atprecis Sync="TRUE">15</atprecis><attscale Sync="TRUE">6</attscale></attr><attr><attrlabl Sync="TRUE">USO_1</attrlabl><attalias Sync="TRUE">USO_1</attalias><attrtype Sync="TRUE">Double</attrtype><attwidth Sync="TRUE">16</attwidth><atprecis Sync="TRUE">15</atprecis><attscale Sync="TRUE">6</attscale></attr><attr><attrlabl Sync="TRUE">PUNTAJE_1</attrlabl><attalias Sync="TRUE">PUNTAJE_1</attalias><attrtype Sync="TRUE">Double</attrtype><attwidth Sync="TRUE">16</attwidth><atprecis Sync="TRUE">15</atprecis><attscale Sync="TRUE">6</attscale></attr><attr><attrlabl Sync="TRUE">AREA_CON_1</attrlabl><attalias Sync="TRUE">AREA_CON_1</attalias><attrtype Sync="TRUE">Double</attrtype><attwidth Sync="TRUE">16</attwidth><atprecis Sync="TRUE">15</atprecis><attscale Sync="TRUE">6</attscale></attr><attr><attrlabl Sync="TRUE">HABITACI_1</attrlabl><attalias Sync="TRUE">HABITACI_1</attalias><attrtype Sync="TRUE">Double</attrtype><attwidth Sync="TRUE">16</attwidth><atprecis Sync="TRUE">15</atprecis><attscale Sync="TRUE">6</attscale></attr><attr><attrlabl Sync="TRUE">BANOS_2</attrlabl><attalias Sync="TRUE">BANOS_2</attalias><attrtype Sync="TRUE">Double</attrtype><attwidth Sync="TRUE">16</attwidth><atprecis Sync="TRUE">15</atprecis><attscale Sync="TRUE">6</attscale></attr><attr><attrlabl Sync="TRUE">LOCALES_2</attrlabl><attalias Sync="TRUE">LOCALES_2</attalias><attrtype Sync="TRUE">Double</attrtype><attwidth Sync="TRUE">16</attwidth><atprecis Sync="TRUE">15</atprecis><attscale Sync="TRUE">6</attscale></attr><attr><attrlabl Sync="TRUE">PISOS_2</attrlabl><attalias Sync="TRUE">PISOS_2</attalias><attrtype Sync="TRUE">Double</attrtype><attwidth Sync="TRUE">16</attwidth><atprecis Sync="TRUE">15</atprecis><attscale Sync="TRUE">6</attscale></attr><attr><attrlabl Sync="TRUE">TIPIFICA_1</attrlabl><attalias Sync="TRUE">TIPIFICA_1</attalias><attrtype Sync="TRUE">Double</attrtype><attwidth Sync="TRUE">16</attwidth><atprecis Sync="TRUE">15</atprecis><attscale Sync="TRUE">6</attscale></attr><attr><attrlabl Sync="TRUE">USO_2</attrlabl><attalias Sync="TRUE">USO_2</attalias><attrtype Sync="TRUE">Double</attrtype><attwidth Sync="TRUE">16</attwidth><atprecis Sync="TRUE">15</atprecis><attscale Sync="TRUE">6</attscale></attr><attr><attrlabl Sync="TRUE">PUNTAJE_2</attrlabl><attalias Sync="TRUE">PUNTAJE_2</attalias><attrtype Sync="TRUE">Double</attrtype><attwidth Sync="TRUE">16</attwidth><atprecis Sync="TRUE">15</atprecis><attscale Sync="TRUE">6</attscale></attr><attr><attrlabl Sync="TRUE">AREA_CON_2</attrlabl><attalias Sync="TRUE">AREA_CON_2</attalias><attrtype Sync="TRUE">Double</attrtype><attwidth Sync="TRUE">16</attwidth><atprecis Sync="TRUE">15</atprecis><attscale Sync="TRUE">6</attscale></attr><attr><attrlabl Sync="TRUE">HABITACI_2</attrlabl><attalias Sync="TRUE">HABITACI_2</attalias><attrtype Sync="TRUE">Double</attrtype><attwidth Sync="TRUE">16</attwidth><atprecis Sync="TRUE">15</atprecis><attscale Sync="TRUE">6</attscale></attr><attr><attrlabl Sync="TRUE">BANOS_3</attrlabl><attalias Sync="TRUE">BANOS_3</attalias><attrtype Sync="TRUE">Double</attrtype><attwidth Sync="TRUE">16</attwidth><atprecis Sync="TRUE">15</atprecis><attscale Sync="TRUE">6</attscale></attr><attr><attrlabl Sync="TRUE">LOCALES_3</attrlabl><attalias Sync="TRUE">LOCALES_3</attalias><attrtype Sync="TRUE">Double</attrtype><attwidth Sync="TRUE">16</attwidth><atprecis Sync="TRUE">15</atprecis><attscale Sync="TRUE">6</attscale></attr><attr><attrlabl Sync="TRUE">PISOS_3</attrlabl><attalias Sync="TRUE">PISOS_3</attalias><attrtype Sync="TRUE">Double</attrtype><attwidth Sync="TRUE">16</attwidth><atprecis Sync="TRUE">15</atprecis><attscale Sync="TRUE">6</attscale></attr><attr><attrlabl Sync="TRUE">TIPIFICA_2</attrlabl><attalias Sync="TRUE">TIPIFICA_2</attalias><attrtype Sync="TRUE">Double</attrtype><attwidth Sync="TRUE">16</attwidth><atprecis Sync="TRUE">15</atprecis><attscale Sync="TRUE">6</attscale></attr><attr><attrlabl Sync="TRUE">USO_3</attrlabl><attalias Sync="TRUE">USO_3</attalias><attrtype Sync="TRUE">Double</attrtype><attwidth Sync="TRUE">16</attwidth><atprecis Sync="TRUE">15</atprecis><attscale Sync="TRUE">6</attscale></attr><attr><attrlabl Sync="TRUE">PUNTAJE_3</attrlabl><attalias Sync="TRUE">PUNTAJE_3</attalias><attrtype Sync="TRUE">Double</attrtype><attwidth Sync="TRUE">16</attwidth><atprecis Sync="TRUE">15</atprecis><attscale Sync="TRUE">6</attscale></attr><attr><attrlabl Sync="TRUE">AREA_CON_3</attrlabl><attalias Sync="TRUE">AREA_CON_3</attalias><attrtype Sync="TRUE">Double</attrtype><attwidth Sync="TRUE">16</attwidth><atprecis Sync="TRUE">15</atprecis><attscale Sync="TRUE">6</attscale></attr><attr><attrlabl Sync="TRUE">NUMERO_P_3</attrlabl><attalias Sync="TRUE">NUMERO_P_3</attalias><attrtype Sync="TRUE">String</attrtype><attwidth Sync="TRUE">254</attwidth><atprecis Sync="TRUE">0</atprecis><attscale Sync="TRUE">0</attscale></attr></detailed></eainfo><mdDateSt Sync="TRUE">20250728</mdDateSt></metadata>
